{
  "timestamp": "2025-07-20T20:39:53.496053",
  "summary": {
    "total_files": 3,
    "successful_files": 3,
    "failed_files": 0,
    "average_total_time": 43.83741943041483,
    "average_ocr_time": 43.828247467676796,
    "average_postprocessing_time": 0.0016723473866780598,
    "average_peak_memory_mb": 4862.436197916667,
    "max_peak_memory_mb": 5085.76171875,
    "min_peak_memory_mb": 4604.36328125,
    "total_text_lines": 450,
    "average_text_lines_per_file": 150.0
  },
  "detailed_results": [
    {
      "file_name": "DEWA.png",
      "total_time": 28.409353971481323,
      "ocr_time": 28.401721715927124,
      "postprocessing_time": 0.0030210018157958984,
      "peak_memory_mb": 4604.36328125,
      "memory_usage_over_time": [
        [
          0.0002758502960205078,
          4010.1015625
        ],
        [
          0.00039386749267578125,
          4010.1015625
        ],
        [
          0.012244224548339844,
          4010.3515625
        ],
        [
          28.402077198028564,
          4604.36328125
        ],
        [
          28.402214288711548,
          4604.36328125
        ],
        [
          28.406421422958374,
          4604.36328125
        ],
        [
          28.40935516357422,
          4604.36328125
        ]
      ],
      "raw_text_length": 1428,
      "processed_text_length": 1238,
      "text_lines_count": 76,
      "success": true,
      "error_message": ""
    },
    {
      "file_name": "SEWA.png",
      "total_time": 56.04734826087952,
      "ocr_time": 56.03657603263855,
      "postprocessing_time": 0.0010292530059814453,
      "peak_memory_mb": 5085.76171875,
      "memory_usage_over_time": [
        [
          0.0003342628479003906,
          4530.91796875
        ],
        [
          0.0004436969757080078,
          4530.91796875
        ],
        [
          0.0012640953063964844,
          4530.91796875
        ],
        [
          56.036959409713745,
          5085.76171875
        ],
        [
          56.03712320327759,
          5085.76171875
        ],
        [
          56.04646444320679,
          5085.76171875
        ],
        [
          56.04735231399536,
          5085.76171875
        ]
      ],
      "raw_text_length": 2686,
      "processed_text_length": 2549,
      "text_lines_count": 204,
      "success": true,
      "error_message": ""
    },
    {
      "file_name": "SEWA 2.png",
      "total_time": 47.05555605888367,
      "ocr_time": 47.04644465446472,
      "postprocessing_time": 0.0009667873382568359,
      "peak_memory_mb": 4897.18359375,
      "memory_usage_over_time": [
        [
          0.0006403923034667969,
          4868.2109375
        ],
        [
          0.0007445812225341797,
          4868.2109375
        ],
        [
          0.0017199516296386719,
          4868.2109375
        ],
        [
          47.04714035987854,
          4897.18359375
        ],
        [
          47.047292947769165,
          4897.18359375
        ],
        [
          47.05468249320984,
          4897.18359375
        ],
        [
          47.055561780929565,
          4897.18359375
        ]
      ],
      "raw_text_length": 2238,
      "processed_text_length": 2134,
      "text_lines_count": 170,
      "success": true,
      "error_message": ""
    }
  ]
}